"模块名","显示名称","描述","驱动程序类型","启动模式","状态","状态","接受停止","接受暂停","分页缓冲池(字节)","代码(字节)","BSS(字节)","链接日期","路径","Init(字节)"
"1394ohci","1394 OHCI Compliant Host Controller","1394 OHCI Compliant Host Controller","Kernel ","Manual","Stopped","OK","FALSE","FALSE","4,096","229,376","0","","C:\Windows\system32\drivers\1394ohci.sys","4,096"
"3ware","3ware","3ware","Kernel ","Manual","Stopped","OK","FALSE","FALSE","0","81,920","0","2015/5/19 6:28:03","C:\Windows\system32\drivers\3ware.sys","4,096"
"ACPI","Microsoft ACPI Driver","Microsoft ACPI Driver","Kernel ","Boot","Running","OK","TRUE","FALSE","176,128","442,368","0","","C:\Windows\system32\drivers\ACPI.sys","24,576"
"AcpiDev","ACPI 设备驱动程序","ACPI 设备驱动程序","Kernel ","Manual","Stopped","OK","FALSE","FALSE","8,192","8,192","0","","C:\Windows\system32\drivers\AcpiDev.sys","4,096"
"acpiex","Microsoft ACPIEx Driver","Microsoft ACPIEx Driver","Kernel ","Boot","Running","OK","TRUE","FALSE","40,960","65,536","0","","C:\Windows\system32\Drivers\acpiex.sys","4,096"
"acpipagr","ACPI 处理器聚合器驱动程序","ACPI 处理器聚合器驱动程序","Kernel ","Manual","Stopped","OK","FALSE","FALSE","4,096","4,096","0","","C:\Windows\system32\drivers\acpipagr.sys","4,096"
"AcpiPmi","ACPI 电源表驱动程序","ACPI 电源表驱动程序","Kernel ","Manual","Stopped","OK","FALSE","FALSE","8,192","4,096","0","","C:\Windows\system32\drivers\acpipmi.sys","4,096"
"acpitime","ACPI 唤醒警报驱动程序","ACPI 唤醒警报驱动程序","Kernel ","Manual","Stopped","OK","FALSE","FALSE","8,192","4,096","0","","C:\Windows\system32\drivers\acpitime.sys","4,096"
"Acx01000","Acx01000","Acx01000","Kernel ","Manual","Stopped","OK","FALSE","FALSE","503,808","122,880","0","","C:\Windows\system32\drivers\Acx01000.sys","4,096"
"ADP80XX","ADP80XX","ADP80XX","Kernel ","Manual","Stopped","OK","FALSE","FALSE","0","1,101,824","0","2015/4/10 4:49:48","C:\Windows\system32\drivers\ADP80XX.SYS","4,096"
"AFD","Ancillary Function Driver for Winsock","Ancillary Function Driver for Winsock","Kernel ","System","Running","OK","TRUE","FALSE","339,968","122,880","0","","C:\Windows\system32\drivers\afd.sys","12,288"
"afunix","afunix","afunix","Kernel ","System","Running","OK","TRUE","FALSE","28,672","12,288","0","","C:\Windows\system32\drivers\afunix.sys","4,096"
"ahcache","Application Compatibility Cache","Application Compatibility Cache","Kernel ","System","Running","OK","TRUE","FALSE","184,320","24,576","0","","C:\Windows\system32\DRIVERS\ahcache.sys","4,096"
"amdgpio2","AMD GPIO 客户端驱动程序","AMD GPIO 客户端驱动程序","Kernel ","Manual","Stopped","OK","FALSE","FALSE","4,096","12,288","0","2019/2/7 17:32:20","C:\Windows\system32\drivers\amdgpio2.sys","4,096"
"amdi2c","AMD I2C 控制器服务","AMD I2C 控制器服务","Kernel ","Manual","Stopped","OK","FALSE","FALSE","4,096","36,864","0","2019/3/20 12:57:33","C:\Windows\system32\drivers\amdi2c.sys","4,096"
"AmdK8","AMD K8 Processor Driver","AMD K8 Processor Driver","Kernel ","Manual","Stopped","OK","FALSE","FALSE","106,496","57,344","0","","C:\Windows\system32\drivers\amdk8.sys","8,192"
"AmdPPM","AMD Processor Driver","AMD Processor Driver","Kernel ","Manual","Stopped","OK","FALSE","FALSE","106,496","61,440","0","","C:\Windows\system32\drivers\amdppm.sys","8,192"
"amdsata","amdsata","amdsata","Kernel ","Manual","Stopped","OK","FALSE","FALSE","0","61,440","0","2015/5/14 20:14:52","C:\Windows\system32\drivers\amdsata.sys","4,096"
"amdsbs","amdsbs","amdsbs","Kernel ","Manual","Stopped","OK","FALSE","FALSE","0","229,376","0","2012/12/12 5:21:44","C:\Windows\system32\drivers\amdsbs.sys","4,096"
"amdxata","amdxata","amdxata","Kernel ","Manual","Stopped","OK","FALSE","FALSE","8,192","4,096","0","2015/5/1 8:55:35","C:\Windows\system32\drivers\amdxata.sys","4,096"
"AppID","AppID 驱动程序","AppID 驱动程序","Kernel ","Manual","Stopped","OK","FALSE","FALSE","94,208","24,576","0","","C:\Windows\system32\drivers\appid.sys","4,096"
"applockerfltr","Smartlocker 筛选器驱动程序","Smartlocker 筛选器驱动程序","Kernel ","Manual","Stopped","OK","FALSE","FALSE","4,096","4,096","0","","C:\Windows\system32\drivers\applockerfltr.sys","4,096"
"AppvStrm","AppvStrm","AppvStrm","File System ","Manual","Stopped","OK","FALSE","FALSE","4,096","86,016","0","","C:\Windows\system32\drivers\AppvStrm.sys","4,096"
"AppvVemgr","AppvVemgr","AppvVemgr","File System ","Manual","Stopped","OK","FALSE","FALSE","8,192","106,496","0","","C:\Windows\system32\drivers\AppvVemgr.sys","4,096"
"AppvVfs","AppvVfs","AppvVfs","File System ","Manual","Stopped","OK","FALSE","FALSE","12,288","86,016","0","","C:\Windows\system32\drivers\AppvVfs.sys","4,096"
"arcsas","Adaptec SAS/SATA-II RAID Storport's Miniport Driver","Adaptec SAS/SATA-II RAID Storport's Miniport Driver","Kernel ","Manual","Stopped","OK","FALSE","FALSE","0","110,592","0","2015/4/10 3:12:07","C:\Windows\system32\drivers\arcsas.sys","4,096"
"AsyncMac","RAS 异步媒体驱动程序","RAS 异步媒体驱动程序","Kernel ","Manual","Stopped","OK","FALSE","FALSE","0","20,480","0","","C:\Windows\system32\drivers\asyncmac.sys","4,096"
"atapi","IDE 通道","IDE 通道","Kernel ","Boot","Running","OK","TRUE","FALSE","0","16,384","0","","C:\Windows\system32\drivers\atapi.sys","4,096"
"b06bdrv","QLogic 网络适配器 VBD","QLogic 网络适配器 VBD","Kernel ","Manual","Stopped","OK","FALSE","FALSE","0","221,184","0","2016/5/25 15:03:08","C:\Windows\system32\drivers\bxvbda.sys","4,096"
"bam","Background Activity Moderator Driver","Background Activity Moderator Driver","Kernel ","System","Running","OK","TRUE","FALSE","45,056","4,096","0","","C:\Windows\system32\drivers\bam.sys","4,096"
"BasicDisplay","BasicDisplay","BasicDisplay","Kernel ","System","Running","OK","TRUE","FALSE","40,960","8,192","0","","C:\Windows\system32\DriverStore\FileRepository\basicdisplay.inf_amd64_19e58b6267591a82\BasicDisplay.sys","4,096"
"BasicRender","BasicRender","BasicRender","Kernel ","System","Running","OK","TRUE","FALSE","4,096","32,768","0","","C:\Windows\system32\DriverStore\FileRepository\basicrender.inf_amd64_eebb5a8467eb88ec\BasicRender.sys","4,096"
"bcmfn2","bcmfn2 Service","bcmfn2 Service","Kernel ","Manual","Stopped","OK","FALSE","FALSE","4,096","4,096","0","2016/11/1 10:09:15","C:\Windows\system32\drivers\bcmfn2.sys","4,096"
"Beep","Beep","Beep","Kernel ","System","Running","OK","TRUE","FALSE","0","4,096","0","","C:\Windows\system32\drivers\Beep.sys","4,096"
"bindflt","Windows Bind Filter Driver","Windows Bind Filter Driver","File System ","Auto","Running","OK","TRUE","FALSE","90,112","20,480","0","","C:\Windows\system32\drivers\bindflt.sys","4,096"
"bowser","浏览器","浏览器","File System ","Manual","Running","OK","TRUE","FALSE","73,728","20,480","0","","C:\Windows\system32\DRIVERS\bowser.sys","4,096"
"BthA2dp","Microsoft Bluetooth A2dp driver","Microsoft Bluetooth A2dp driver","Kernel ","Manual","Stopped","OK","FALSE","FALSE","24,576","192,512","0","","C:\Windows\system32\drivers\BthA2dp.sys","4,096"
"BthEnum","蓝牙枚举器服务","蓝牙枚举器服务","Kernel ","Manual","Stopped","OK","FALSE","FALSE","32,768","28,672","0","","C:\Windows\system32\drivers\BthEnum.sys","4,096"
"BthHFEnum","Microsoft Bluetooth 免提配置文件驱动程序","Microsoft Bluetooth 免提配置文件驱动程序","Kernel ","Manual","Stopped","OK","FALSE","FALSE","28,672","86,016","0","","C:\Windows\system32\drivers\bthhfenum.sys","4,096"
"BthLEEnum","蓝牙低能耗驱动程序","蓝牙低能耗驱动程序","Kernel ","Manual","Stopped","OK","FALSE","FALSE","57,344","24,576","0","","C:\Windows\system32\drivers\Microsoft.Bluetooth.Legacy.LEEnumerator.sys","4,096"
"BthMini","蓝牙无线收发器驱动程序","蓝牙无线收发器驱动程序","Kernel ","Manual","Stopped","OK","FALSE","FALSE","8,192","20,480","0","","C:\Windows\system32\drivers\BTHMINI.sys","4,096"
"BTHMODEM","蓝牙调制解调器通信驱动程序","蓝牙调制解调器通信驱动程序","Kernel ","Manual","Stopped","OK","FALSE","FALSE","8,192","53,248","0","","C:\Windows\system32\drivers\bthmodem.sys","4,096"
"BTHPORT","蓝牙端口驱动程序","蓝牙端口驱动程序","Kernel ","Manual","Stopped","OK","FALSE","FALSE","303,104","987,136","0","","C:\Windows\system32\drivers\BTHport.sys","8,192"
"BTHUSB","蓝牙无线电收发器 USB 驱动程序","蓝牙无线电收发器 USB 驱动程序","Kernel ","Manual","Stopped","OK","FALSE","FALSE","24,576","61,440","0","","C:\Windows\system32\drivers\BTHUSB.sys","4,096"
"bttflt","Microsoft Hyper-V VHDPMEM BTT 筛选器","Microsoft Hyper-V VHDPMEM BTT 筛选器","Kernel ","Manual","Stopped","OK","FALSE","FALSE","8,192","16,384","0","","C:\Windows\system32\drivers\bttflt.sys","4,096"
"buttonconverter","针对便携式设备控制装置的服务","针对便携式设备控制装置的服务","Kernel ","Manual","Stopped","OK","FALSE","FALSE","8,192","24,576","0","","C:\Windows\system32\drivers\buttonconverter.sys","4,096"
"CAD","充电均衡驱动程序","充电均衡驱动程序","Kernel ","Manual","Stopped","OK","FALSE","FALSE","28,672","8,192","0","","C:\Windows\system32\drivers\CAD.sys","4,096"
"cdfs","CD/DVD File System Reader","CD/DVD File System Reader","File System ","Disabled","Stopped","OK","FALSE","FALSE","69,632","12,288","0","","C:\Windows\system32\DRIVERS\cdfs.sys","4,096"
"cdrom","CD-ROM Driver","CD-ROM Driver","Kernel ","System","Running","OK","TRUE","FALSE","81,920","65,536","0","","C:\Windows\system32\drivers\cdrom.sys","4,096"
"cht4iscsi","cht4iscsi","cht4iscsi","Kernel ","Manual","Stopped","OK","FALSE","FALSE","4,096","278,528","0","2019/2/5 21:51:31","C:\Windows\system32\drivers\cht4sx64.sys","4,096"
"cht4vbd","Chelsio 虚拟总线驱动程序","Chelsio 虚拟总线驱动程序","Kernel ","Manual","Stopped","OK","FALSE","FALSE","1,433,600","208,896","0","2019/2/5 21:47:51","C:\Windows\system32\drivers\cht4vx64.sys","4,096"
"CimFS","CimFS","CimFS","File System ","System","Running","OK","TRUE","FALSE","8,192","65,536","0","","C:\Windows\system32\drivers\CimFS.sys","4,096"
"circlass","Consumer IR Devices","Consumer IR Devices","Kernel ","Manual","Stopped","OK","FALSE","FALSE","4,096","36,864","0","","C:\Windows\system32\drivers\circlass.sys","4,096"
"CldFlt","Windows Cloud Files Filter Driver","Windows Cloud Files Filter Driver","File System ","Auto","Running","OK","TRUE","FALSE","327,680","106,496","0","","C:\Windows\system32\drivers\cldflt.sys","4,096"
"CLFS","Common Log (CLFS)","Common Log (CLFS)","Kernel ","Boot","Running","OK","TRUE","FALSE","262,144","77,824","0","","C:\Windows\system32\drivers\CLFS.sys","4,096"
"CmBatt","Microsoft ACPI 控制方法电池驱动程序","Microsoft ACPI 控制方法电池驱动程序","Kernel ","Manual","Running","OK","TRUE","FALSE","20,480","4,096","0","","C:\Windows\system32\drivers\CmBatt.sys","4,096"
"CNG","CNG","CNG","Kernel ","Boot","Running","OK","TRUE","FALSE","0","565,248","0","","C:\Windows\system32\Drivers\cng.sys","4,096"
"cnghwassist","CNG Hardware Assist algorithm provider","CNG Hardware Assist algorithm provider","Kernel ","Disabled","Stopped","OK","FALSE","FALSE","8,192","16,384","0","","C:\Windows\system32\DRIVERS\cnghwassist.sys","4,096"
"CompositeBus","复合总线枚举器驱动程序","复合总线枚举器驱动程序","Kernel ","Manual","Running","OK","TRUE","FALSE","24,576","8,192","0","","C:\Windows\system32\DriverStore\FileRepository\compositebus.inf_amd64_7500cffa210c6946\CompositeBus.sys","4,096"
"condrv","Console Driver","Console Driver","Kernel ","Manual","Running","OK","TRUE","FALSE","28,672","4,096","0","","C:\Windows\system32\drivers\condrv.sys","4,096"
"CSC","Offline Files Driver","Offline Files Driver","Kernel ","System","Running","OK","TRUE","FALSE","303,104","184,320","0","","C:\Windows\system32\drivers\csc.sys","12,288"
"dam","Desktop Activity Moderator Driver","Desktop Activity Moderator Driver","Kernel ","System","Stopped","OK","FALSE","FALSE","49,152","4,096","0","","C:\Windows\system32\drivers\dam.sys","4,096"
"Dfsc","DFS Namespace Client Driver","DFS Namespace Client Driver","File System ","System","Running","OK","TRUE","FALSE","94,208","24,576","0","","C:\Windows\system32\Drivers\dfsc.sys","4,096"
"disk","磁盘驱动程序","磁盘驱动程序","Kernel ","Boot","Running","OK","TRUE","FALSE","36,864","20,480","0","","C:\Windows\system32\drivers\disk.sys","4,096"
"dmvsc","dmvsc","dmvsc","Kernel ","Manual","Stopped","OK","FALSE","FALSE","8,192","24,576","0","","C:\Windows\system32\drivers\dmvsc.sys","4,096"
"drmkaud","Microsoft Trusted Audio Drivers","Microsoft Trusted Audio Drivers","Kernel ","Manual","Stopped","OK","FALSE","FALSE","0","4,096","0","","C:\Windows\system32\drivers\drmkaud.sys","4,096"
"DXGKrnl","LDDM Graphics Subsystem","LDDM Graphics Subsystem","Kernel ","System","Running","OK","TRUE","FALSE","2,277,376","458,752","0","","C:\Windows\system32\drivers\dxgkrnl.sys","8,192"
"e1i65x64","Intel(R) PRO/1000 PCI Express Network Connection Driver I","Intel(R) PRO/1000 PCI Express Network Connection Driver I","Kernel ","Manual","Running","OK","TRUE","FALSE","4,096","450,560","0","2018/6/12 2:01:06","C:\Windows\system32\drivers\e1i65x64.sys","8,192"
"ebdrv","QLogic 10 Gigabit Ethernet Adapter VBD","QLogic 10 Gigabit Ethernet Adapter VBD","Kernel ","Manual","Stopped","OK","FALSE","FALSE","4,096","1,159,168","0","2016/5/25 15:01:05","C:\Windows\system32\drivers\evbda.sys","4,096"
"EhStorClass","Enhanced Storage Filter Driver","Enhanced Storage Filter Driver","Kernel ","Boot","Running","OK","TRUE","FALSE","20,480","49,152","0","","C:\Windows\system32\drivers\EhStorClass.sys","4,096"
"EhStorTcgDrv","支持 IEEE 1667 和 TCG 协议的 Microsoft 存储设备驱动程序","支持 IEEE 1667 和 TCG 协议的 Microsoft 存储设备驱动程序","Kernel ","Manual","Stopped","OK","FALSE","FALSE","8,192","73,728","0","","C:\Windows\system32\drivers\EhStorTcgDrv.sys","4,096"
"ErrDev","Microsoft Hardware Error Device Driver","Microsoft Hardware Error Device Driver","Kernel ","Manual","Stopped","OK","FALSE","FALSE","4,096","8,192","0","","C:\Windows\system32\drivers\errdev.sys","4,096"
"exfat","exFAT File System Driver","exFAT File System Driver","File System ","Manual","Stopped","OK","FALSE","FALSE","229,376","90,112","0","","C:\Windows\system32\drivers\exfat.sys","4,096"
"fastfat","FAT12/16/32 File System Driver","FAT12/16/32 File System Driver","File System ","Manual","Stopped","OK","FALSE","FALSE","262,144","65,536","0","","C:\Windows\system32\drivers\fastfat.sys","4,096"
"fdc","软盘控制器驱动程序","软盘控制器驱动程序","Kernel ","Manual","Stopped","OK","FALSE","FALSE","4,096","20,480","0","","C:\Windows\system32\drivers\fdc.sys","4,096"
"FileCrypt","FileCrypt","FileCrypt","File System ","System","Running","OK","TRUE","FALSE","28,672","12,288","0","","C:\Windows\system32\drivers\filecrypt.sys","4,096"
"FileInfo","File Information FS MiniFilter","File Information FS MiniFilter","File System ","Boot","Running","OK","TRUE","FALSE","45,056","12,288","0","","C:\Windows\system32\drivers\fileinfo.sys","4,096"
"Filetrace","Filetrace","Filetrace","File System ","Manual","Stopped","OK","FALSE","FALSE","12,288","12,288","0","","C:\Windows\system32\drivers\filetrace.sys","4,096"
"flpydisk","软盘驱动程序","软盘驱动程序","Kernel ","Manual","Stopped","OK","FALSE","FALSE","16,384","8,192","0","","C:\Windows\system32\drivers\flpydisk.sys","4,096"
"FltMgr","FltMgr","FltMgr","File System ","Boot","Running","OK","TRUE","FALSE","184,320","106,496","0","","C:\Windows\system32\drivers\fltmgr.sys","8,192"
"FsDepends","File System Dependency Minifilter","File System Dependency Minifilter","File System ","Manual","Stopped","OK","FALSE","FALSE","40,960","8,192","0","","C:\Windows\system32\drivers\FsDepends.sys","4,096"
"fvevol","BitLocker Drive Encryption Filter Driver","BitLocker Drive Encryption Filter Driver","Kernel ","Boot","Running","OK","TRUE","FALSE","512,000","139,264","0","","C:\Windows\system32\DRIVERS\fvevol.sys","12,288"
"gencounter","Microsoft Hyper-V 生成计数器","Microsoft Hyper-V 生成计数器","Kernel ","Manual","Running","OK","TRUE","FALSE","4,096","4,096","0","","C:\Windows\system32\drivers\vmgencounter.sys","4,096"
"genericusbfn","通用 USB 函数类","通用 USB 函数类","Kernel ","Manual","Stopped","OK","FALSE","FALSE","4,096","12,288","0","","C:\Windows\system32\DriverStore\FileRepository\genericusbfn.inf_amd64_53931f0ae21d6d2c\genericusbfn.sys","4,096"
"GPIOClx0101","Microsoft GPIO Class Extension Driver","Microsoft GPIO Class Extension Driver","Kernel ","Manual","Stopped","OK","FALSE","FALSE","49,152","98,304","0","","C:\Windows\system32\Drivers\msgpioclx.sys","4,096"
"GpuEnergyDrv","GPU Energy Driver","GPU Energy Driver","Kernel ","System","Running","OK","TRUE","FALSE","0","4,096","0","","C:\Windows\system32\drivers\gpuenergydrv.sys","4,096"
"HdAudAddService","用于 High Definition Audio 服务的 Microsoft 1.1 UAA 函数驱动程序","用于 High Definition Audio 服务的 Microsoft 1.1 UAA 函数驱动程序","Kernel ","Manual","Running","OK","TRUE","FALSE","315,392","32,768","0","","C:\Windows\system32\drivers\HdAudio.sys","4,096"
"HDAudBus","用于 High Definition Audio 的 Microsoft UAA 总线驱动程序","用于 High Definition Audio 的 Microsoft UAA 总线驱动程序","Kernel ","Manual","Running","OK","TRUE","FALSE","36,864","69,632","0","","C:\Windows\system32\drivers\HDAudBus.sys","4,096"
"HidBatt","HID UPS 电池驱动程序","HID UPS 电池驱动程序","Kernel ","Manual","Stopped","OK","FALSE","FALSE","0","20,480","0","","C:\Windows\system32\drivers\HidBatt.sys","4,096"
"HidBth","Microsoft Bluetooth HID Miniport","Microsoft Bluetooth HID Miniport","Kernel ","Manual","Stopped","OK","FALSE","FALSE","16,384","49,152","0","","C:\Windows\system32\drivers\hidbth.sys","4,096"
"hidi2c","Microsoft I2C HID 微型端口驱动程序","Microsoft I2C HID 微型端口驱动程序","Kernel ","Manual","Stopped","OK","FALSE","FALSE","8,192","36,864","0","","C:\Windows\system32\drivers\hidi2c.sys","4,096"
"hidinterrupt","通过中断实施的 HID 按钮的通用驱动程序","通过中断实施的 HID 按钮的通用驱动程序","Kernel ","Manual","Stopped","OK","FALSE","FALSE","16,384","20,480","0","","C:\Windows\system32\drivers\hidinterrupt.sys","4,096"
"HidIr","Microsoft Infrared HID Driver","Microsoft Infrared HID Driver","Kernel ","Manual","Stopped","OK","FALSE","FALSE","16,384","24,576","0","","C:\Windows\system32\drivers\hidir.sys","4,096"
"hidspi","Microsoft SPI HID 微型端口驱动程序","Microsoft SPI HID 微型端口驱动程序","Kernel ","Manual","Stopped","OK","FALSE","FALSE","4,096","77,824","0","","C:\Windows\system32\drivers\hidspi.sys","4,096"
"HidSpiCx","HidSpi KMDF Class Extension","HidSpi KMDF Class Extension","Kernel ","Manual","Stopped","OK","FALSE","FALSE","4,096","69,632","0","","C:\Windows\system32\drivers\HidSpiCx.sys","4,096"
"HidUsb","Microsoft HID Class Driver","Microsoft HID Class Driver","Kernel ","Manual","Running","OK","TRUE","FALSE","8,192","24,576","0","","C:\Windows\system32\drivers\hidusb.sys","4,096"
"HpSAMD","HpSAMD","HpSAMD","Kernel ","Manual","Stopped","OK","FALSE","FALSE","0","45,056","0","2013/3/27 5:36:54","C:\Windows\system32\drivers\HpSAMD.sys","4,096"
"HTTP","HTTP Service","HTTP Service","Kernel ","Manual","Running","OK","TRUE","FALSE","847,872","372,736","0","","C:\Windows\system32\drivers\HTTP.sys","12,288"
"hvcrash","hvcrash","hvcrash","Kernel ","Disabled","Stopped","OK","FALSE","FALSE","8,192","12,288","0","","C:\Windows\system32\drivers\hvcrash.sys","4,096"
"hvservice","Hypervisor/Virtual Machine Support Driver","Hypervisor/Virtual Machine Support Driver","Kernel ","Manual","Stopped","OK","FALSE","FALSE","24,576","8,192","0","","C:\Windows\system32\drivers\hvservice.sys","4,096"
"HwNClx0101","Microsoft Hardware Notifications Class Extension Driver","Microsoft Hardware Notifications Class Extension Driver","Kernel ","Manual","Stopped","OK","FALSE","FALSE","12,288","8,192","0","","C:\Windows\system32\Drivers\mshwnclx.sys","4,096"
"hwpolicy","Hardware Policy Driver","Hardware Policy Driver","Kernel ","Boot","Stopped","OK","FALSE","FALSE","4,096","4,096","0","","C:\Windows\system32\drivers\hwpolicy.sys","4,096"
"hyperkbd","hyperkbd","hyperkbd","Kernel ","Manual","Stopped","OK","FALSE","FALSE","4,096","8,192","0","","C:\Windows\system32\drivers\hyperkbd.sys","4,096"
"HyperVideo","HyperVideo","HyperVideo","Kernel ","Manual","Stopped","OK","FALSE","FALSE","20,480","8,192","0","","C:\Windows\system32\drivers\HyperVideo.sys","4,096"
"i8042prt","PS/2 键盘和鼠标端口驱动程序","PS/2 键盘和鼠标端口驱动程序","Kernel ","Manual","Running","OK","TRUE","FALSE","36,864","49,152","0","","C:\Windows\system32\drivers\i8042prt.sys","4,096"
"iagpio","Intel 串行 IO GPIO 控制器驱动程序","Intel 串行 IO GPIO 控制器驱动程序","Kernel ","Manual","Stopped","OK","FALSE","FALSE","4,096","24,576","0","2018/7/23 17:04:46","C:\Windows\system32\drivers\iagpio.sys","4,096"
"iai2c","Intel(R) 串行 IO I2C 主机控制器","Intel(R) 串行 IO I2C 主机控制器","Kernel ","Manual","Stopped","OK","FALSE","FALSE","4,096","77,824","0","2018/7/23 17:04:39","C:\Windows\system32\drivers\iai2c.sys","4,096"
"iaLPSS2i_GPIO2","Intel(R) 串行 IO GPIO 驱动程序 v2","Intel(R) 串行 IO GPIO 驱动程序 v2","Kernel ","Manual","Stopped","OK","FALSE","FALSE","4,096","45,056","0","2018/4/19 15:53:24","C:\Windows\system32\drivers\iaLPSS2i_GPIO2.sys","4,096"
"iaLPSS2i_GPIO2_BXT_P","Intel(R) 串行 IO GPIO 驱动程序 v2","Intel(R) 串行 IO GPIO 驱动程序 v2","Kernel ","Manual","Stopped","OK","FALSE","FALSE","4,096","57,344","0","2018/4/17 17:25:15","C:\Windows\system32\drivers\iaLPSS2i_GPIO2_BXT_P.sys","4,096"
"iaLPSS2i_GPIO2_CNL","Intel(R) 串行 IO GPIO 驱动程序 v2","Intel(R) 串行 IO GPIO 驱动程序 v2","Kernel ","Manual","Stopped","OK","FALSE","FALSE","4,096","73,728","0","2018/4/17 15:07:03","C:\Windows\system32\drivers\iaLPSS2i_GPIO2_CNL.sys","4,096"
"iaLPSS2i_GPIO2_GLK","Intel(R) 串行 IO GPIO 驱动程序 v2","Intel(R) 串行 IO GPIO 驱动程序 v2","Kernel ","Manual","Stopped","OK","FALSE","FALSE","4,096","57,344","0","2018/5/16 13:46:36","C:\Windows\system32\drivers\iaLPSS2i_GPIO2_GLK.sys","4,096"
"iaLPSS2i_I2C","Intel(R) 串行 IO I2C 驱动程序 v2","Intel(R) 串行 IO I2C 驱动程序 v2","Kernel ","Manual","Stopped","OK","FALSE","FALSE","4,096","118,784","0","2018/4/19 15:52:58","C:\Windows\system32\drivers\iaLPSS2i_I2C.sys","4,096"
"iaLPSS2i_I2C_BXT_P","Intel(R) 串行 IO I2C 驱动程序 v2","Intel(R) 串行 IO I2C 驱动程序 v2","Kernel ","Manual","Stopped","OK","FALSE","FALSE","4,096","122,880","0","2018/4/17 17:24:40","C:\Windows\system32\drivers\iaLPSS2i_I2C_BXT_P.sys","4,096"
"iaLPSS2i_I2C_CNL","Intel(R) 串行 IO I2C 驱动程序 v2","Intel(R) 串行 IO I2C 驱动程序 v2","Kernel ","Manual","Stopped","OK","FALSE","FALSE","4,096","126,976","0","2019/7/15 13:12:12","C:\Windows\system32\drivers\iaLPSS2i_I2C_CNL.sys","4,096"
"iaLPSS2i_I2C_GLK","Intel(R) 串行 IO I2C 驱动程序 v2","Intel(R) 串行 IO I2C 驱动程序 v2","Kernel ","Manual","Stopped","OK","FALSE","FALSE","4,096","126,976","0","2018/5/16 13:46:02","C:\Windows\system32\drivers\iaLPSS2i_I2C_GLK.sys","4,096"
"iaLPSSi_GPIO","Intel(R) 串行 IO GPIO 主机控制器驱动程序","Intel(R) 串行 IO GPIO 主机控制器驱动程序","Kernel ","Manual","Stopped","OK","FALSE","FALSE","4,096","12,288","0","2015/2/2 17:00:09","C:\Windows\system32\drivers\iaLPSSi_GPIO.sys","4,096"
"iaLPSSi_I2C","Intel(R) 串行 IO I2C 控制器驱动程序","Intel(R) 串行 IO I2C 控制器驱动程序","Kernel ","Manual","Stopped","OK","FALSE","FALSE","4,096","90,112","0","2015/2/24 23:52:07","C:\Windows\system32\drivers\iaLPSSi_I2C.sys","4,096"
"iaStorAVC","Intel 芯片集 SATA RAID 控制器","Intel 芯片集 SATA RAID 控制器","Kernel ","Manual","Stopped","OK","FALSE","FALSE","4,096","786,432","0","2019/9/5 20:07:32","C:\Windows\system32\drivers\iaStorAVC.sys","4,096"
"iaStorV","Intel RAID Controller Windows 7","Intel RAID Controller Windows 7","Kernel ","Manual","Stopped","OK","FALSE","FALSE","0","364,544","0","2011/4/12 2:48:16","C:\Windows\system32\drivers\iaStorV.sys","8,192"
"ibbus","Mellanox InfiniBand 总线/AL (筛选器驱动程序)","Mellanox InfiniBand 总线/AL (筛选器驱动程序)","Kernel ","Manual","Stopped","OK","FALSE","FALSE","8,192","499,712","0","2019/6/19 21:20:09","C:\Windows\system32\drivers\ibbus.sys","8,192"
"IndirectKmd","Indirect Displays 内核模式驱动程序","Indirect Displays 内核模式驱动程序","Kernel ","Manual","Stopped","OK","FALSE","FALSE","28,672","8,192","0","","C:\Windows\system32\drivers\IndirectKmd.sys","4,096"
"intelide","intelide","intelide","Kernel ","Boot","Running","OK","TRUE","FALSE","0","8,192","0","","C:\Windows\system32\drivers\intelide.sys","4,096"
"intelpep","Intel(R) Power Engine Plug-in Driver","Intel(R) Power Engine Plug-in Driver","Kernel ","Boot","Running","OK","TRUE","FALSE","32,768","53,248","0","","C:\Windows\system32\drivers\intelpep.sys","4,096"
"intelpmax","Intel(R) Dynamic Device Peak Power Manager Driver","Intel(R) Dynamic Device Peak Power Manager Driver","Kernel ","Manual","Stopped","OK","FALSE","FALSE","12,288","12,288","0","","C:\Windows\system32\drivers\intelpmax.sys","4,096"
"intelppm","Intel Processor Driver","Intel Processor Driver","Kernel ","Manual","Running","OK","TRUE","FALSE","110,592","69,632","0","","C:\Windows\system32\drivers\intelppm.sys","8,192"
"iorate","磁盘 I/O 速率筛选器驱动程序","磁盘 I/O 速率筛选器驱动程序","Kernel ","Boot","Running","OK","TRUE","FALSE","4,096","28,672","0","","C:\Windows\system32\drivers\iorate.sys","4,096"
"IpFilterDriver","IP 流量筛选器驱动程序","IP 流量筛选器驱动程序","Kernel ","Manual","Stopped","OK","FALSE","FALSE","8,192","61,440","0","","C:\Windows\system32\DRIVERS\ipfltdrv.sys","4,096"
"IPMIDRV","IPMIDRV","IPMIDRV","Kernel ","Manual","Stopped","OK","FALSE","FALSE","24,576","49,152","0","","C:\Windows\system32\drivers\IPMIDrv.sys","4,096"
"IPNAT","IP Network Address Translator","IP Network Address Translator","Kernel ","Manual","Stopped","OK","FALSE","FALSE","12,288","184,320","0","","C:\Windows\system32\drivers\ipnat.sys","4,096"
"IPT","IPT","IPT","Kernel ","Manual","Stopped","OK","FALSE","FALSE","28,672","8,192","0","","C:\Windows\system32\drivers\ipt.sys","4,096"
"isapnp","isapnp","isapnp","Kernel ","Manual","Stopped","OK","FALSE","FALSE","4,096","4,096","0","","C:\Windows\system32\drivers\isapnp.sys","4,096"
"iScsiPrt","iScsiPort 驱动程序","iScsiPort 驱动程序","Kernel ","Manual","Stopped","OK","FALSE","FALSE","53,248","196,608","0","","C:\Windows\system32\drivers\msiscsi.sys","4,096"
"ItSas35i","ItSas35i","ItSas35i","Kernel ","Manual","Stopped","OK","FALSE","FALSE","0","147,456","0","2019/6/20 15:35:34","C:\Windows\system32\drivers\ItSas35i.sys","4,096"
"kbdclass","Keyboard Class Driver","Keyboard Class Driver","Kernel ","Manual","Running","OK","TRUE","FALSE","12,288","28,672","0","","C:\Windows\system32\drivers\kbdclass.sys","4,096"
"kbdhid","Keyboard HID Driver","Keyboard HID Driver","Kernel ","Manual","Stopped","OK","FALSE","FALSE","8,192","24,576","0","","C:\Windows\system32\drivers\kbdhid.sys","4,096"
"kbldfltr","kbldfltr","kbldfltr","Kernel ","Manual","Stopped","OK","FALSE","FALSE","4,096","8,192","0","","C:\Windows\system32\drivers\kbldfltr.sys","4,096"
"kdnic","Microsoft 内核调试网络微型端口(NDIS 6.20)","Microsoft 内核调试网络微型端口(NDIS 6.20)","Kernel ","Manual","Running","OK","TRUE","FALSE","4,096","8,192","0","","C:\Windows\system32\drivers\kdnic.sys","4,096"
"KSecDD","KSecDD","KSecDD","Kernel ","Boot","Running","OK","TRUE","FALSE","40,960","61,440","0","","C:\Windows\system32\Drivers\ksecdd.sys","4,096"
"KSecPkg","KSecPkg","KSecPkg","Kernel ","Boot","Running","OK","TRUE","FALSE","73,728","57,344","0","","C:\Windows\system32\Drivers\ksecpkg.sys","4,096"
"KslD","KslD","KslD","Kernel ","Manual","Running","OK","TRUE","FALSE","4,096","53,248","0","","C:\Windows\system32\drivers\wd\KslD.sys","8,192"
"ksthunk","Kernel Streaming Thunks","Kernel Streaming Thunks","Kernel ","Manual","Running","OK","TRUE","FALSE","12,288","16,384","0","","C:\Windows\system32\drivers\ksthunk.sys","4,096"
"lltdio","链路层拓扑发现映射器 I/O 驱动程序","链路层拓扑发现映射器 I/O 驱动程序","Kernel ","Auto","Running","OK","TRUE","FALSE","8,192","40,960","0","","C:\Windows\system32\drivers\lltdio.sys","8,192"
"LSI_SAS","LSI_SAS","LSI_SAS","Kernel ","Manual","Stopped","OK","FALSE","FALSE","0","90,112","0","2015/3/26 3:36:48","C:\Windows\system32\drivers\lsi_sas.sys","4,096"
"LSI_SAS2i","LSI_SAS2i","LSI_SAS2i","Kernel ","Manual","Stopped","OK","FALSE","FALSE","0","98,304","0","2017/8/2 21:29:59","C:\Windows\system32\drivers\lsi_sas2i.sys","4,096"
"LSI_SAS3i","LSI_SAS3i","LSI_SAS3i","Kernel ","Manual","Stopped","OK","FALSE","FALSE","0","110,592","0","2019/4/4 14:54:35","C:\Windows\system32\drivers\lsi_sas3i.sys","4,096"
"LSI_SSS","LSI_SSS","LSI_SSS","Kernel ","Manual","Stopped","OK","FALSE","FALSE","0","65,536","0","2013/3/16 7:39:38","C:\Windows\system32\drivers\lsi_sss.sys","4,096"
"luafv","UAC File Virtualization","UAC File Virtualization","File System ","Auto","Running","OK","TRUE","FALSE","69,632","8,192","0","","C:\Windows\system32\drivers\luafv.sys","12,288"
"mausbhost","MA-USB 主机控制器驱动程序","MA-USB 主机控制器驱动程序","Kernel ","Manual","Stopped","OK","FALSE","FALSE","8,192","319,488","0","","C:\Windows\system32\drivers\mausbhost.sys","4,096"
"mausbip","MA-USB IP 筛选器驱动程序","MA-USB IP 筛选器驱动程序","Kernel ","Manual","Stopped","OK","FALSE","FALSE","4,096","36,864","0","","C:\Windows\system32\drivers\mausbip.sys","4,096"
"MbbCx","MBB Network Adapter Class Extension","MBB Network Adapter Class Extension","Kernel ","Manual","Stopped","OK","FALSE","FALSE","4,096","241,664","0","","C:\Windows\system32\drivers\MbbCx.sys","4,096"
"megasas","megasas","megasas","Kernel ","Manual","Stopped","OK","FALSE","FALSE","0","40,960","0","2015/3/5 10:36:29","C:\Windows\system32\drivers\megasas.sys","4,096"
"megasas2i","megasas2i","megasas2i","Kernel ","Manual","Stopped","OK","FALSE","FALSE","0","61,440","0","2019/4/4 21:28:53","C:\Windows\system32\drivers\MegaSas2i.sys","4,096"
"megasas35i","megasas35i","megasas35i","Kernel ","Manual","Stopped","OK","FALSE","FALSE","0","81,920","0","2019/6/20 18:01:12","C:\Windows\system32\drivers\megasas35i.sys","4,096"
"megasr","megasr","megasr","Kernel ","Manual","Stopped","OK","FALSE","FALSE","0","434,176","0","2013/6/4 6:02:39","C:\Windows\system32\drivers\megasr.sys","4,096"
"Microsoft_Bluetooth_AvrcpTransport","Microsoft 蓝牙 AVRCP 传输驱动程序","Microsoft 蓝牙 AVRCP 传输驱动程序","Kernel ","Manual","Stopped","OK","FALSE","FALSE","24,576","28,672","0","","C:\Windows\system32\drivers\Microsoft.Bluetooth.AvrcpTransport.sys","4,096"
"mlx4_bus","Mellanox ConnectX 总线枚举器","Mellanox ConnectX 总线枚举器","Kernel ","Manual","Stopped","OK","FALSE","FALSE","4,096","880,640","0","2019/6/19 21:21:08","C:\Windows\system32\drivers\mlx4_bus.sys","8,192"
"MMCSS","Multimedia Class Scheduler","Multimedia Class Scheduler","Kernel ","Auto","Running","OK","TRUE","FALSE","12,288","16,384","0","","C:\Windows\system32\drivers\mmcss.sys","8,192"
"Modem","Modem","Modem","Kernel ","Manual","Stopped","OK","FALSE","FALSE","32,768","4,096","0","","C:\Windows\system32\drivers\modem.sys","4,096"
"monitor","Microsoft Monitor Class Function Driver Service","Microsoft Monitor Class Function Driver Service","Kernel ","Manual","Running","OK","TRUE","FALSE","40,960","20,480","0","","C:\Windows\system32\drivers\monitor.sys","4,096"
"mouclass","Mouse Class Driver","Mouse Class Driver","Kernel ","Manual","Running","OK","TRUE","FALSE","12,288","24,576","0","","C:\Windows\system32\drivers\mouclass.sys","4,096"
"mouhid","Mouse HID Driver","Mouse HID Driver","Kernel ","Manual","Running","OK","TRUE","FALSE","8,192","20,480","0","","C:\Windows\system32\drivers\mouhid.sys","4,096"
"mountmgr","Mount Point Manager","Mount Point Manager","Kernel ","Boot","Running","OK","TRUE","FALSE","69,632","12,288","0","","C:\Windows\system32\drivers\mountmgr.sys","4,096"
"mpsdrv","Windows Defender Firewall Authorization Driver","Windows Defender Firewall Authorization Driver","Kernel ","Manual","Running","OK","TRUE","FALSE","4,096","57,344","0","","C:\Windows\system32\drivers\mpsdrv.sys","4,096"
"MRxDAV","WebDav Client Redirector Driver","WebDav Client Redirector Driver","File System ","Manual","Stopped","OK","FALSE","FALSE","114,688","28,672","0","","C:\Windows\system32\drivers\mrxdav.sys","4,096"
"mrxsmb","SMB MiniRedirector Wrapper and Engine","SMB MiniRedirector Wrapper and Engine","File System ","Manual","Running","OK","TRUE","FALSE","65,536","299,008","0","","C:\Windows\system32\DRIVERS\mrxsmb.sys","4,096"
"mrxsmb20","SMB 2.0 MiniRedirector","SMB 2.0 MiniRedirector","File System ","Manual","Running","OK","TRUE","FALSE","20,480","188,416","0","","C:\Windows\system32\DRIVERS\mrxsmb20.sys","4,096"
"MsBridge","Microsoft MAC 桥","Microsoft MAC 桥","Kernel ","Manual","Stopped","OK","FALSE","FALSE","8,192","90,112","0","","C:\Windows\system32\drivers\bridge.sys","4,096"
"Msfs","Msfs","Msfs","File System ","System","Running","OK","TRUE","FALSE","28,672","4,096","0","","C:\Windows\system32\drivers\Msfs.sys","4,096"
"msgpiowin32","用于按钮、停靠模式和笔记本电脑/平板电脑指示器的通用驱动程序","用于按钮、停靠模式和笔记本电脑/平板电脑指示器的通用驱动程序","Kernel ","Manual","Stopped","OK","FALSE","FALSE","16,384","16,384","0","","C:\Windows\system32\drivers\msgpiowin32.sys","4,096"
"mshidkmdf","Pass-through HID to KMDF Filter Driver","Pass-through HID to KMDF Filter Driver","Kernel ","Manual","Stopped","OK","FALSE","FALSE","4,096","4,096","0","","C:\Windows\system32\drivers\mshidkmdf.sys","4,096"
"mshidumdf","Pass-through HID to UMDF Driver","Pass-through HID to UMDF Driver","Kernel ","Manual","Stopped","OK","FALSE","FALSE","4,096","4,096","0","","C:\Windows\system32\drivers\mshidumdf.sys","4,096"
"msisadrv","msisadrv","msisadrv","Kernel ","Boot","Running","OK","TRUE","FALSE","4,096","4,096","0","","C:\Windows\system32\drivers\msisadrv.sys","4,096"
"MSKSSRV","Microsoft 流服务代理","Microsoft 流服务代理","Kernel ","Manual","Stopped","OK","FALSE","FALSE","20,480","8,192","0","","C:\Windows\system32\drivers\MSKSSRV.sys","4,096"
"MsLldp","Microsoft 链路层发现协议","Microsoft 链路层发现协议","Kernel ","Auto","Running","OK","TRUE","FALSE","16,384","24,576","0","","C:\Windows\system32\drivers\mslldp.sys","4,096"
"MSPCLOCK","Microsoft 流时钟代理","Microsoft 流时钟代理","Kernel ","Manual","Stopped","OK","FALSE","FALSE","4,096","4,096","0","","C:\Windows\system32\drivers\MSPCLOCK.sys","4,096"
"MSPQM","Microsoft 流质量管理器代理","Microsoft 流质量管理器代理","Kernel ","Manual","Stopped","OK","FALSE","FALSE","4,096","4,096","0","","C:\Windows\system32\drivers\MSPQM.sys","4,096"
"MsQuic","MsQuic","MsQuic","Kernel ","Manual","Running","OK","TRUE","FALSE","16,384","192,512","0","","C:\Windows\system32\drivers\msquic.sys","4,096"
"MsRPC","MsRPC","MsRPC","Kernel ","Manual","Stopped","OK","FALSE","FALSE","266,240","8,192","0","","C:\Windows\system32\drivers\MsRPC.sys","4,096"
"MsSecCore","Microsoft 安全性核心启动驱动程序","Microsoft 安全性核心启动驱动程序","Kernel ","Boot","Running","OK","TRUE","FALSE","4,096","8,192","0","","C:\Windows\system32\drivers\msseccore.sys","4,096"
"MsSecFlt","Microsoft Security Events Component Minifilter","Microsoft Security Events Component Minifilter","Kernel ","Manual","Stopped","OK","FALSE","FALSE","139,264","69,632","0","","C:\Windows\system32\drivers\mssecflt.sys","12,288"
"MsSecWfp","Microsoft Security WFP Callout Driver","Microsoft Security WFP Callout Driver","Kernel ","Manual","Stopped","OK","FALSE","FALSE","8,192","8,192","0","","C:\Windows\system32\drivers\mssecwfp.sys","4,096"
"mssmbios","Microsoft System Management BIOS Driver","Microsoft System Management BIOS Driver","Kernel ","System","Running","OK","TRUE","FALSE","8,192","16,384","0","","C:\Windows\system32\drivers\mssmbios.sys","4,096"
"MSTEE","Microsoft 流 Tee/Sink-to-Sink 转换器","Microsoft 流 Tee/Sink-to-Sink 转换器","Kernel ","Manual","Stopped","OK","FALSE","FALSE","8,192","4,096","0","","C:\Windows\system32\drivers\MSTEE.sys","4,096"
"MTConfig","Microsoft Input Configuration Driver","Microsoft Input Configuration Driver","Kernel ","Manual","Stopped","OK","FALSE","FALSE","4,096","8,192","0","","C:\Windows\system32\drivers\MTConfig.sys","4,096"
"Mup","Mup","Mup","File System ","Boot","Running","OK","TRUE","FALSE","65,536","16,384","0","","C:\Windows\system32\Drivers\mup.sys","4,096"
"mvumis","mvumis","mvumis","Kernel ","Manual","Stopped","OK","FALSE","FALSE","0","20,480","0","2014/5/24 4:39:04","C:\Windows\system32\drivers\mvumis.sys","4,096"
"NativeWifiP","NativeWiFi 筛选器","NativeWiFi 筛选器","Kernel ","Manual","Stopped","OK","FALSE","FALSE","8,192","589,824","0","","C:\Windows\system32\DRIVERS\nwifi.sys","4,096"
"ndfltr","NetworkDirect 服务","NetworkDirect 服务","Kernel ","Manual","Stopped","OK","FALSE","FALSE","4,096","118,784","0","2019/6/19 21:18:42","C:\Windows\system32\drivers\ndfltr.sys","4,096"
"NDIS","NDIS System Driver","NDIS System Driver","Kernel ","Boot","Running","OK","TRUE","FALSE","286,720","815,104","0","","C:\Windows\system32\drivers\ndis.sys","20,480"
"NdisCap","Microsoft NDIS 捕获","Microsoft NDIS 捕获","Kernel ","System","Running","OK","TRUE","FALSE","0","28,672","0","","C:\Windows\system32\drivers\ndiscap.sys","4,096"
"NdisImPlatform","Microsoft 网络适配器多路传送器协议","Microsoft 网络适配器多路传送器协议","Kernel ","Manual","Stopped","OK","FALSE","FALSE","4,096","90,112","0","","C:\Windows\system32\drivers\NdisImPlatform.sys","4,096"
"NdisTapi","远程访问 NDIS TAPI 驱动程序","远程访问 NDIS TAPI 驱动程序","Kernel ","Manual","Running","OK","TRUE","FALSE","8,192","12,288","0","","C:\Windows\system32\DRIVERS\ndistapi.sys","4,096"
"Ndisuio","NDIS Usermode I/O Protocol","NDIS Usermode I/O Protocol","Kernel ","Manual","Stopped","OK","FALSE","FALSE","16,384","36,864","0","","C:\Windows\system32\drivers\ndisuio.sys","4,096"
"NdisVirtualBus","Microsoft 虚拟网络适配器枚举器","Microsoft 虚拟网络适配器枚举器","Kernel ","Manual","Running","OK","TRUE","FALSE","8,192","8,192","0","","C:\Windows\system32\drivers\NdisVirtualBus.sys","4,096"
"NdisWan","远程访问 NDIS WAN 驱动程序","远程访问 NDIS WAN 驱动程序","Kernel ","Manual","Running","OK","TRUE","FALSE","73,728","90,112","0","","C:\Windows\system32\drivers\ndiswan.sys","8,192"
"ndiswanlegacy","远程访问旧版 NDIS WAN 驱动程序","远程访问旧版 NDIS WAN 驱动程序","Kernel ","Manual","Stopped","OK","FALSE","FALSE","73,728","90,112","0","","C:\Windows\system32\DRIVERS\ndiswan.sys","8,192"
"NDKPing","NDKPing Driver","NDKPing Driver","Kernel ","Manual","Stopped","OK","FALSE","FALSE","20,480","32,768","0","","C:\Windows\system32\drivers\NDKPing.sys","4,096"
"ndproxy","NDIS Proxy Driver","NDIS Proxy Driver","Kernel ","Manual","Running","OK","TRUE","FALSE","45,056","32,768","0","","C:\Windows\system32\DRIVERS\NDProxy.sys","4,096"
"Ndu","Windows Network Data Usage Monitoring Driver","Windows Network Data Usage Monitoring Driver","Kernel ","Auto","Running","OK","TRUE","FALSE","4,096","65,536","0","","C:\Windows\system32\drivers\Ndu.sys","4,096"
"NetAdapterCx","Network Adapter Wdf Class Extension Library","Network Adapter Wdf Class Extension Library","Kernel ","Manual","Stopped","OK","FALSE","FALSE","16,384","147,456","0","","C:\Windows\system32\drivers\NetAdapterCx.sys","4,096"
"NetBIOS","NetBIOS Interface","NetBIOS Interface","File System ","System","Running","OK","TRUE","FALSE","20,480","24,576","0","","C:\Windows\system32\drivers\netbios.sys","4,096"
"NetBT","NetBT","NetBT","Kernel ","System","Running","OK","TRUE","FALSE","90,112","200,704","0","","C:\Windows\system32\DRIVERS\netbt.sys","4,096"
"netvsc","netvsc","netvsc","Kernel ","Manual","Stopped","OK","FALSE","FALSE","4,096","208,896","0","","C:\Windows\system32\drivers\netvsc.sys","4,096"
"Npfs","Npfs","Npfs","File System ","System","Running","OK","TRUE","FALSE","57,344","8,192","0","","C:\Windows\system32\drivers\Npfs.sys","4,096"
"npsvctrig","Named pipe service trigger provider","Named pipe service trigger provider","Kernel ","System","Running","OK","TRUE","FALSE","12,288","4,096","0","","C:\Windows\system32\drivers\npsvctrig.sys","4,096"
"nsiproxy","NSI Proxy Service Driver","NSI Proxy Service Driver","Kernel ","System","Running","OK","TRUE","FALSE","8,192","24,576","0","","C:\Windows\system32\drivers\nsiproxy.sys","4,096"
"Ntfs","Ntfs","Ntfs","File System ","Manual","Running","OK","TRUE","FALSE","1,871,872","417,792","0","","C:\Windows\system32\drivers\Ntfs.sys","16,384"
"Null","Null","Null","Kernel ","System","Running","OK","TRUE","FALSE","0","4,096","0","","C:\Windows\system32\drivers\Null.sys","4,096"
"nvdimm","Microsoft NVDIMM 设备驱动程序","Microsoft NVDIMM 设备驱动程序","Kernel ","Manual","Stopped","OK","FALSE","FALSE","28,672","49,152","0","","C:\Windows\system32\drivers\nvdimm.sys","4,096"
"nvraid","nvraid","nvraid","Kernel ","Manual","Stopped","OK","FALSE","FALSE","8,192","90,112","0","2014/4/22 2:28:42","C:\Windows\system32\drivers\nvraid.sys","8,192"
"nvstor","nvstor","nvstor","Kernel ","Manual","Stopped","OK","FALSE","FALSE","0","118,784","0","2014/4/22 2:34:03","C:\Windows\system32\drivers\nvstor.sys","4,096"
"Parport","Parallel port driver","Parallel port driver","Kernel ","Manual","Stopped","OK","FALSE","FALSE","4,096","81,920","0","","C:\Windows\system32\drivers\parport.sys","4,096"
"partmgr","Partition driver","Partition driver","Kernel ","Boot","Running","OK","TRUE","FALSE","53,248","69,632","0","","C:\Windows\system32\drivers\partmgr.sys","4,096"
"pci","PCI 总线驱动程序","PCI 总线驱动程序","Kernel ","Boot","Running","OK","TRUE","FALSE","200,704","159,744","0","","C:\Windows\system32\drivers\pci.sys","8,192"
"pciide","pciide","pciide","Kernel ","Manual","Stopped","OK","FALSE","FALSE","0","4,096","0","","C:\Windows\system32\drivers\pciide.sys","4,096"
"pcmcia","pcmcia","pcmcia","Kernel ","Manual","Stopped","OK","FALSE","FALSE","45,056","45,056","0","","C:\Windows\system32\drivers\pcmcia.sys","8,192"
"pcw","Performance Counters for Windows Driver","Performance Counters for Windows Driver","Kernel ","Boot","Running","OK","TRUE","FALSE","32,768","4,096","0","","C:\Windows\system32\drivers\pcw.sys","4,096"
"pdc","pdc","pdc","Kernel ","Boot","Running","OK","TRUE","FALSE","86,016","24,576","0","","C:\Windows\system32\drivers\pdc.sys","8,192"
"PEAUTH","PEAUTH","PEAUTH","Kernel ","Auto","Running","OK","TRUE","FALSE","573,440","167,936","0","","C:\Windows\system32\drivers\peauth.sys","4,096"
"percsas2i","percsas2i","percsas2i","Kernel ","Manual","Stopped","OK","FALSE","FALSE","0","40,960","0","2016/3/15 8:50:11","C:\Windows\system32\drivers\percsas2i.sys","4,096"
"percsas3i","percsas3i","percsas3i","Kernel ","Manual","Stopped","OK","FALSE","FALSE","0","49,152","0","2018/6/2 5:47:02","C:\Windows\system32\drivers\percsas3i.sys","4,096"
"PktMon","Packet Monitor Driver","Packet Monitor Driver","Kernel ","Manual","Stopped","OK","FALSE","FALSE","8,192","45,056","0","","C:\Windows\system32\drivers\PktMon.sys","4,096"
"pmem","Microsoft 持久性内存磁盘驱动程序","Microsoft 持久性内存磁盘驱动程序","Kernel ","Manual","Stopped","OK","FALSE","FALSE","24,576","45,056","0","","C:\Windows\system32\drivers\pmem.sys","4,096"
"PNPMEM","Microsoft Memory Module Driver","Microsoft Memory Module Driver","Kernel ","Manual","Stopped","OK","FALSE","FALSE","8,192","4,096","0","","C:\Windows\system32\drivers\pnpmem.sys","4,096"
"portcfg","portcfg","portcfg","Kernel ","Manual","Stopped","OK","FALSE","FALSE","12,288","8,192","0","","C:\Windows\system32\drivers\portcfg.sys","4,096"
"PptpMiniport","WAN 微型端口(PPTP)","WAN 微型端口(PPTP)","Kernel ","Manual","Running","OK","TRUE","FALSE","61,440","28,672","0","","C:\Windows\system32\drivers\raspptp.sys","4,096"
"Processor","处理器驱动程序","处理器驱动程序","Kernel ","Manual","Stopped","OK","FALSE","FALSE","106,496","57,344","0","","C:\Windows\system32\drivers\processr.sys","8,192"
"Psched","QoS 数据包计划程序","QoS 数据包计划程序","Kernel ","System","Running","OK","TRUE","FALSE","20,480","65,536","0","","C:\Windows\system32\drivers\pacer.sys","4,096"
"QWAVEdrv","QWAVE driver","QWAVE driver","Kernel ","Manual","Stopped","OK","FALSE","FALSE","8,192","32,768","0","","C:\Windows\system32\drivers\qwavedrv.sys","4,096"
"Ramdisk","Windows RAM Disk Driver","Windows RAM Disk Driver","Kernel ","Manual","Stopped","OK","FALSE","FALSE","16,384","8,192","0","","C:\Windows\system32\DRIVERS\ramdisk.sys","4,096"
"RasAcd","Remote Access Auto Connection Driver","Remote Access Auto Connection Driver","Kernel ","Manual","Stopped","OK","FALSE","FALSE","4,096","12,288","0","","C:\Windows\system32\DRIVERS\rasacd.sys","4,096"
"RasAgileVpn","WAN 微型端口(IKEv2)","WAN 微型端口(IKEv2)","Kernel ","Manual","Running","OK","TRUE","FALSE","32,768","45,056","0","","C:\Windows\system32\drivers\AgileVpn.sys","4,096"
"Rasl2tp","WAN 微型端口(L2TP)","WAN 微型端口(L2TP)","Kernel ","Manual","Running","OK","TRUE","FALSE","73,728","20,480","0","","C:\Windows\system32\drivers\rasl2tp.sys","4,096"
"RasPppoe","远程访问 PPPOE 驱动程序","远程访问 PPPOE 驱动程序","Kernel ","Manual","Running","OK","TRUE","FALSE","49,152","28,672","0","","C:\Windows\system32\DRIVERS\raspppoe.sys","4,096"
"RasSstp","WAN 微型端口(SSTP)","WAN 微型端口(SSTP)","Kernel ","Manual","Running","OK","TRUE","FALSE","49,152","24,576","0","","C:\Windows\system32\drivers\rassstp.sys","4,096"
"rdbss","Redirected Buffering Sub System","Redirected Buffering Sub System","File System ","System","Running","OK","TRUE","FALSE","217,088","143,360","0","","C:\Windows\system32\DRIVERS\rdbss.sys","8,192"
"rdpbus","远程桌面设备重定向程序总线驱动程序","远程桌面设备重定向程序总线驱动程序","Kernel ","Manual","Running","OK","TRUE","FALSE","12,288","8,192","0","","C:\Windows\system32\drivers\rdpbus.sys","4,096"
"RDPDR","Remote Desktop Device Redirector Driver","Remote Desktop Device Redirector Driver","Kernel ","Manual","Stopped","OK","FALSE","FALSE","106,496","24,576","0","","C:\Windows\system32\drivers\rdpdr.sys","4,096"
"RdpVideoMiniport","Remote Desktop Video Miniport Driver","Remote Desktop Video Miniport Driver","Kernel ","Manual","Stopped","OK","FALSE","FALSE","12,288","4,096","0","","C:\Windows\system32\drivers\rdpvideominiport.sys","4,096"
"rdyboost","ReadyBoost","ReadyBoost","Kernel ","Boot","Running","OK","TRUE","FALSE","45,056","172,032","0","","C:\Windows\system32\drivers\rdyboost.sys","4,096"
"ReFS","ReFS","ReFS","File System ","Manual","Stopped","OK","FALSE","FALSE","565,248","1,060,864","0","","C:\Windows\system32\drivers\ReFS.sys","16,384"
"ReFSv1","ReFSv1","ReFSv1","File System ","Manual","Stopped","OK","FALSE","FALSE","356,352","417,792","0","","C:\Windows\system32\drivers\ReFSv1.sys","8,192"
"RFCOMM","Bluetooth Device (RFCOMM Protocol TDI)","Bluetooth Device (RFCOMM Protocol TDI)","Kernel ","Manual","Stopped","OK","FALSE","FALSE","20,480","135,168","0","","C:\Windows\system32\drivers\rfcomm.sys","4,096"
"rhproxy","资源中心代理驱动程序","资源中心代理驱动程序","Kernel ","Manual","Stopped","OK","FALSE","FALSE","49,152","45,056","0","","C:\Windows\system32\drivers\rhproxy.sys","4,096"
"rspndr","链路层拓扑发现响应程序","链路层拓扑发现响应程序","Kernel ","Auto","Running","OK","TRUE","FALSE","8,192","57,344","0","","C:\Windows\system32\drivers\rspndr.sys","4,096"
"s3cap","s3cap","s3cap","Kernel ","Manual","Stopped","OK","FALSE","FALSE","4,096","4,096","0","","C:\Windows\system32\drivers\vms3cap.sys","4,096"
"sbp2port","SBP-2 传输/协议总线驱动程序","SBP-2 传输/协议总线驱动程序","Kernel ","Manual","Stopped","OK","FALSE","FALSE","16,384","77,824","0","","C:\Windows\system32\drivers\sbp2port.sys","4,096"
"scfilter","Smart card PnP Class Filter Driver","Smart card PnP Class Filter Driver","Kernel ","Manual","Stopped","OK","FALSE","FALSE","8,192","28,672","0","","C:\Windows\system32\DRIVERS\scfilter.sys","4,096"
"scmbus","Microsoft 存储类内存总线驱动程序","Microsoft 存储类内存总线驱动程序","Kernel ","Manual","Stopped","OK","FALSE","FALSE","28,672","61,440","0","","C:\Windows\system32\drivers\scmbus.sys","4,096"
"sdbus","sdbus","sdbus","Kernel ","Manual","Stopped","OK","FALSE","FALSE","28,672","204,800","0","","C:\Windows\system32\drivers\sdbus.sys","8,192"
"SDFRd","SDF 反射器","SDF 反射器","Kernel ","Manual","Stopped","OK","FALSE","FALSE","12,288","4,096","0","","C:\Windows\system32\drivers\SDFRd.sys","4,096"
"sdstor","SD 存储端口驱动程序","SD 存储端口驱动程序","Kernel ","Manual","Stopped","OK","FALSE","FALSE","24,576","49,152","0","","C:\Windows\system32\drivers\sdstor.sys","4,096"
"SerCx","Serial UART Support Library","Serial UART Support Library","Kernel ","Manual","Stopped","OK","FALSE","FALSE","4,096","57,344","0","","C:\Windows\system32\drivers\SerCx.sys","4,096"
"SerCx2","Serial UART Support Library","Serial UART Support Library","Kernel ","Manual","Stopped","OK","FALSE","FALSE","4,096","106,496","0","","C:\Windows\system32\drivers\SerCx2.sys","4,096"
"Serenum","Serenum Filter Driver","Serenum Filter Driver","Kernel ","Manual","Stopped","OK","FALSE","FALSE","16,384","8,192","0","","C:\Windows\system32\drivers\serenum.sys","4,096"
"Serial","串行端口驱动程序","串行端口驱动程序","Kernel ","Manual","Stopped","OK","FALSE","FALSE","40,960","20,480","0","","C:\Windows\system32\drivers\serial.sys","4,096"
"sermouse","串行鼠标驱动程序","串行鼠标驱动程序","Kernel ","Manual","Stopped","OK","FALSE","FALSE","12,288","8,192","0","","C:\Windows\system32\drivers\sermouse.sys","4,096"
"sfloppy","大容量软盘驱动器","大容量软盘驱动器","Kernel ","Manual","Stopped","OK","FALSE","FALSE","8,192","4,096","0","","C:\Windows\system32\drivers\sfloppy.sys","4,096"
"SiSRaid2","SiSRaid2","SiSRaid2","Kernel ","Manual","Stopped","OK","FALSE","FALSE","0","32,768","0","2008/9/25 2:28:20","C:\Windows\system32\drivers\SiSRaid2.sys","4,096"
"SiSRaid4","SiSRaid4","SiSRaid4","Kernel ","Manual","Stopped","OK","FALSE","FALSE","0","69,632","0","2008/10/2 5:56:04","C:\Windows\system32\drivers\sisraid4.sys","4,096"
"SmartSAMD","SmartSAMD","SmartSAMD","Kernel ","Manual","Stopped","OK","FALSE","FALSE","0","188,416","0","2019/2/22 1:54:44","C:\Windows\system32\drivers\SmartSAMD.sys","4,096"
"smbdirect","smbdirect","smbdirect","File System ","Manual","Stopped","OK","FALSE","FALSE","8,192","77,824","0","","C:\Windows\system32\DRIVERS\smbdirect.sys","4,096"
"spaceparser","Space Parser","Space Parser","Kernel ","Manual","Stopped","OK","FALSE","FALSE","4,096","12,288","0","","C:\Windows\system32\drivers\spaceparser.sys","4,096"
"spaceport","存储空间驱动程序","存储空间驱动程序","Kernel ","Boot","Running","OK","TRUE","FALSE","196,608","274,432","0","","C:\Windows\system32\drivers\spaceport.sys","4,096"
"SpatialGraphFilter","Holographic Spatial Graph Filter","Holographic Spatial Graph Filter","Kernel ","Manual","Stopped","OK","FALSE","FALSE","4,096","53,248","0","","C:\Windows\system32\drivers\SpatialGraphFilter.sys","4,096"
"SpbCx","Simple Peripheral Bus Support Library","Simple Peripheral Bus Support Library","Kernel ","Manual","Stopped","OK","FALSE","FALSE","4,096","53,248","0","","C:\Windows\system32\drivers\SpbCx.sys","4,096"
"srv2","Server SMB 2.xxx Driver","Server SMB 2.xxx Driver","File System ","Manual","Running","OK","TRUE","FALSE","245,760","204,800","0","","C:\Windows\system32\DRIVERS\srv2.sys","4,096"
"srvnet","srvnet","srvnet","File System ","Manual","Running","OK","TRUE","FALSE","86,016","159,744","0","","C:\Windows\system32\DRIVERS\srvnet.sys","4,096"
"stexstor","stexstor","stexstor","Kernel ","Manual","Stopped","OK","FALSE","FALSE","0","16,384","0","2012/11/27 8:02:51","C:\Windows\system32\drivers\stexstor.sys","4,096"
"storahci","Microsoft 标准 SATA AHCI 驱动程序","Microsoft 标准 SATA AHCI 驱动程序","Kernel ","Boot","Running","OK","TRUE","FALSE","0","143,360","0","","C:\Windows\system32\drivers\storahci.sys","4,096"
"storflt","Microsoft Hyper-V 存储加速器","Microsoft Hyper-V 存储加速器","Kernel ","Manual","Stopped","OK","FALSE","FALSE","8,192","16,384","0","","C:\Windows\system32\drivers\vmstorfl.sys","4,096"
"stornvme","Microsoft Standard NVM Express Driver","Microsoft Standard NVM Express Driver","Kernel ","Boot","Running","OK","TRUE","FALSE","4,096","122,880","0","","C:\Windows\system32\drivers\stornvme.sys","4,096"
"storqosflt","Storage QoS Filter Driver","Storage QoS Filter Driver","File System ","Auto","Running","OK","TRUE","FALSE","20,480","36,864","0","","C:\Windows\system32\drivers\storqosflt.sys","4,096"
"storufs","Microsoft 通用闪存(UFS)驱动程序","Microsoft 通用闪存(UFS)驱动程序","Kernel ","Manual","Stopped","OK","FALSE","FALSE","4,096","40,960","0","","C:\Windows\system32\drivers\storufs.sys","4,096"
"storvsc","storvsc","storvsc","Kernel ","Manual","Stopped","OK","FALSE","FALSE","4,096","16,384","0","","C:\Windows\system32\drivers\storvsc.sys","4,096"
"swenum","软件总线驱动程序","软件总线驱动程序","Kernel ","Manual","Running","OK","TRUE","FALSE","4,096","4,096","0","","C:\Windows\system32\DriverStore\FileRepository\swenum.inf_amd64_16a14542b63c02af\swenum.sys","4,096"
"Synth3dVsc","Synth3dVsc","Synth3dVsc","Kernel ","Manual","Stopped","OK","FALSE","FALSE","0","4,096","0","","C:\Windows\system32\drivers\Synth3dVsc.sys","0"
"Tcpip","TCP/IP Protocol Driver","TCP/IP Protocol Driver","Kernel ","Boot","Running","OK","TRUE","FALSE","204,800","1,839,104","0","","C:\Windows\system32\drivers\tcpip.sys","12,288"
"Tcpip6","@todo.dll,-100;Microsoft IPv6 Protocol Driver","@todo.dll,-100;Microsoft IPv6 Protocol Driver","Kernel ","Manual","Stopped","OK","FALSE","FALSE","204,800","1,839,104","0","","C:\Windows\system32\drivers\tcpip.sys","12,288"
"tcpipreg","TCP/IP Registry Compatibility","TCP/IP Registry Compatibility","Kernel ","Auto","Running","OK","TRUE","FALSE","4,096","32,768","0","","C:\Windows\system32\drivers\tcpipreg.sys","4,096"
"tdx","NetIO 旧 TDI 支持驱动程序","NetIO 旧 TDI 支持驱动程序","Kernel ","System","Running","OK","TRUE","FALSE","4,096","90,112","0","","C:\Windows\system32\DRIVERS\tdx.sys","4,096"
"Telemetry","Intel(R) 遥测服务","Intel(R) 遥测服务","Kernel ","Boot","Running","OK","TRUE","FALSE","4,096","4,096","0","","C:\Windows\system32\drivers\IntelTA.sys","4,096"
"terminpt","Microsoft 远程桌面输入驱动程序","Microsoft 远程桌面输入驱动程序","Kernel ","Manual","Stopped","OK","FALSE","FALSE","12,288","12,288","0","","C:\Windows\system32\drivers\terminpt.sys","4,096"
"TPM","TPM","TPM","Kernel ","Manual","Stopped","OK","FALSE","FALSE","8,192","208,896","0","","C:\Windows\system32\drivers\tpm.sys","4,096"
"TsUsbFlt","Remote Desktop USB Hub Class Filter Driver","Remote Desktop USB Hub Class Filter Driver","Kernel ","Manual","Stopped","OK","FALSE","FALSE","4,096","40,960","0","","C:\Windows\system32\drivers\tsusbflt.sys","4,096"
"TsUsbGD","远程桌面通用 USB 设备","远程桌面通用 USB 设备","Kernel ","Manual","Stopped","OK","FALSE","FALSE","4,096","24,576","0","","C:\Windows\system32\drivers\TsUsbGD.sys","4,096"
"tsusbhub","Remote Desktop USB Hub","Remote Desktop USB Hub","Kernel ","Manual","Stopped","OK","FALSE","FALSE","8,192","94,208","0","","C:\Windows\system32\drivers\tsusbhub.sys","4,096"
"tunnel","Microsoft Tunnel Miniport 适配器驱动程序","Microsoft Tunnel Miniport 适配器驱动程序","Kernel ","Manual","Stopped","OK","FALSE","FALSE","12,288","61,440","0","","C:\Windows\system32\drivers\tunnel.sys","4,096"
"UASPStor","USB Attached SCSI (UAS) 驱动程序","USB Attached SCSI (UAS) 驱动程序","Kernel ","Manual","Stopped","OK","FALSE","FALSE","4,096","53,248","0","","C:\Windows\system32\drivers\uaspstor.sys","4,096"
"UcmCx0101","USB Connector Manager KMDF Class Extension","USB Connector Manager KMDF Class Extension","Kernel ","Manual","Stopped","OK","FALSE","FALSE","8,192","126,976","0","","C:\Windows\system32\Drivers\UcmCx.sys","4,096"
"UcmTcpciCx0101","UCM-TCPCI KMDF Class Extension","UCM-TCPCI KMDF Class Extension","Kernel ","Manual","Stopped","OK","FALSE","FALSE","24,576","110,592","0","","C:\Windows\system32\Drivers\UcmTcpciCx.sys","4,096"
"UcmUcsiAcpiClient","UCM-UCSI ACPI 客户端","UCM-UCSI ACPI 客户端","Kernel ","Manual","Stopped","OK","FALSE","FALSE","16,384","12,288","0","","C:\Windows\system32\drivers\UcmUcsiAcpiClient.sys","4,096"
"UcmUcsiCx0101","UCM-UCSI KMDF Class Extension","UCM-UCSI KMDF Class Extension","Kernel ","Manual","Stopped","OK","FALSE","FALSE","28,672","61,440","0","","C:\Windows\system32\Drivers\UcmUcsiCx.sys","4,096"
"UCPD","UCPD","UCPD","File System ","System","Running","OK","TRUE","FALSE","4,096","53,248","0","","C:\Windows\system32\drivers\UCPD.sys","4,096"
"Ucx01000","USB Host Support Library","USB Host Support Library","Kernel ","Manual","Running","OK","TRUE","FALSE","4,096","139,264","0","","C:\Windows\system32\drivers\ucx01000.sys","4,096"
"UdeCx","USB Device Emulation Support Library","USB Device Emulation Support Library","Kernel ","Manual","Stopped","OK","FALSE","FALSE","4,096","36,864","0","","C:\Windows\system32\drivers\udecx.sys","4,096"
"udfs","udfs","udfs","File System ","Disabled","Running","OK","TRUE","FALSE","184,320","118,784","0","","C:\Windows\system32\DRIVERS\udfs.sys","4,096"
"UEFI","Microsoft UEFI 驱动程序","Microsoft UEFI 驱动程序","Kernel ","Manual","Stopped","OK","FALSE","FALSE","12,288","4,096","0","","C:\Windows\system32\DriverStore\FileRepository\uefi.inf_amd64_c1628ffa62c8e54c\UEFI.sys","4,096"
"UevAgentDriver","UevAgentDriver","UevAgentDriver","File System ","Disabled","Stopped","OK","FALSE","FALSE","8,192","4,096","0","","C:\Windows\system32\drivers\UevAgentDriver.sys","4,096"
"Ufx01000","USB Function Class Extension","USB Function Class Extension","Kernel ","Manual","Stopped","OK","FALSE","FALSE","81,920","155,648","0","","C:\Windows\system32\drivers\ufx01000.sys","4,096"
"UfxChipidea","USB Chipidea 控制器","USB Chipidea 控制器","Kernel ","Manual","Stopped","OK","FALSE","FALSE","24,576","61,440","0","","C:\Windows\system32\DriverStore\FileRepository\ufxchipidea.inf_amd64_1c78775fffab6a0a\UfxChipidea.sys","4,096"
"ufxsynopsys","USB Synopsys 控制器","USB Synopsys 控制器","Kernel ","Manual","Stopped","OK","FALSE","FALSE","32,768","90,112","0","","C:\Windows\system32\drivers\ufxsynopsys.sys","4,096"
"umbus","UMBus Enumerator Driver","UMBus Enumerator Driver","Kernel ","Manual","Running","OK","TRUE","FALSE","36,864","8,192","0","","C:\Windows\system32\DriverStore\FileRepository\umbus.inf_amd64_b78a9c5b6fd62c27\umbus.sys","4,096"
"UmPass","Microsoft UMPass 驱动程序","Microsoft UMPass 驱动程序","Kernel ","Manual","Stopped","OK","FALSE","FALSE","4,096","4,096","0","","C:\Windows\system32\drivers\umpass.sys","4,096"
"UrsChipidea","Chipidea USB 角色切换驱动程序","Chipidea USB 角色切换驱动程序","Kernel ","Manual","Stopped","OK","FALSE","FALSE","4,096","12,288","0","","C:\Windows\system32\DriverStore\FileRepository\urschipidea.inf_amd64_78ad1c14e33df968\urschipidea.sys","4,096"
"UrsCx01000","USB Role-Switch Support Library","USB Role-Switch Support Library","Kernel ","Manual","Stopped","OK","FALSE","FALSE","4,096","53,248","0","","C:\Windows\system32\drivers\urscx01000.sys","4,096"
"UrsSynopsys","Synopsys USB 角色切换驱动程序","Synopsys USB 角色切换驱动程序","Kernel ","Manual","Stopped","OK","FALSE","FALSE","4,096","12,288","0","","C:\Windows\system32\DriverStore\FileRepository\urssynopsys.inf_amd64_057fa37902020500\urssynopsys.sys","4,096"
"usbaudio","USB Audio Driver (WDM)","USB Audio Driver (WDM)","Kernel ","Manual","Stopped","OK","FALSE","FALSE","77,824","73,728","0","","C:\Windows\system32\drivers\usbaudio.sys","4,096"
"usbaudio2","USB 音频 2.0 服务","USB 音频 2.0 服务","Kernel ","Manual","Stopped","OK","FALSE","FALSE","155,648","69,632","0","","C:\Windows\system32\drivers\usbaudio2.sys","4,096"
"usbccgp","Microsoft USB 通用父驱动程序","Microsoft USB 通用父驱动程序","Kernel ","Manual","Running","OK","TRUE","FALSE","53,248","90,112","0","","C:\Windows\system32\drivers\usbccgp.sys","4,096"
"usbcir","eHome Infrared Receiver (USBCIR)","eHome Infrared Receiver (USBCIR)","Kernel ","Manual","Stopped","OK","FALSE","FALSE","20,480","73,728","0","","C:\Windows\system32\drivers\usbcir.sys","4,096"
"usbehci","Microsoft USB 2.0 Enhanced Host Controller Miniport Driver","Microsoft USB 2.0 Enhanced Host Controller Miniport Driver","Kernel ","Manual","Running","OK","TRUE","FALSE","0","65,536","0","","C:\Windows\system32\drivers\usbehci.sys","4,096"
"usbhub","Microsoft USB 标准集线器驱动程序","Microsoft USB 标准集线器驱动程序","Kernel ","Manual","Running","OK","TRUE","FALSE","4,096","380,928","0","","C:\Windows\system32\drivers\usbhub.sys","4,096"
"USBHUB3","SuperSpeed 集线器","SuperSpeed 集线器","Kernel ","Manual","Running","OK","TRUE","FALSE","86,016","270,336","0","","C:\Windows\system32\drivers\UsbHub3.sys","4,096"
"usbohci","Microsoft USB Open Host Controller Miniport Driver","Microsoft USB Open Host Controller Miniport Driver","Kernel ","Manual","Stopped","OK","FALSE","FALSE","0","24,576","0","","C:\Windows\system32\drivers\usbohci.sys","4,096"
"usbprint","Microsoft USB PRINTER Class","Microsoft USB PRINTER Class","Kernel ","Manual","Stopped","OK","FALSE","FALSE","4,096","28,672","0","","C:\Windows\system32\drivers\usbprint.sys","4,096"
"usbser","Microsoft USB 串行驱动程序","Microsoft USB 串行驱动程序","Kernel ","Manual","Stopped","OK","FALSE","FALSE","24,576","49,152","0","","C:\Windows\system32\drivers\usbser.sys","4,096"
"USBSTOR","USB 大容量存储驱动程序","USB 大容量存储驱动程序","Kernel ","Manual","Stopped","OK","FALSE","FALSE","40,960","61,440","0","","C:\Windows\system32\drivers\USBSTOR.SYS","4,096"
"usbuhci","Microsoft USB Universal Host Controller Miniport Driver","Microsoft USB Universal Host Controller Miniport Driver","Kernel ","Manual","Running","OK","TRUE","FALSE","0","28,672","0","","C:\Windows\system32\drivers\usbuhci.sys","4,096"
"USBXHCI","符合 USB xHCI 的主机控制器","符合 USB xHCI 的主机控制器","Kernel ","Manual","Running","OK","TRUE","FALSE","65,536","331,776","0","","C:\Windows\system32\drivers\USBXHCI.SYS","4,096"
"vdrvroot","Microsoft 虚拟驱动器枚举器","Microsoft 虚拟驱动器枚举器","Kernel ","Boot","Running","OK","TRUE","FALSE","8,192","4,096","0","","C:\Windows\system32\drivers\vdrvroot.sys","4,096"
"VerifierExt","驱动程序验证程序扩展","驱动程序验证程序扩展","Kernel ","Disabled","Stopped","OK","FALSE","FALSE","8,192","237,568","0","","C:\Windows\system32\drivers\VerifierExt.sys","4,096"
"vhdmp","vhdmp","vhdmp","Kernel ","Manual","Stopped","OK","FALSE","FALSE","299,008","364,544","0","","C:\Windows\system32\drivers\vhdmp.sys","4,096"
"vhf","虚拟 HID 框架(VHF)驱动程序","虚拟 HID 框架(VHF)驱动程序","Kernel ","Manual","Stopped","OK","FALSE","FALSE","12,288","24,576","0","","C:\Windows\system32\drivers\vhf.sys","4,096"
"Vid","Vid","Vid","Kernel ","System","Running","OK","TRUE","FALSE","299,008","176,128","0","","C:\Windows\system32\drivers\Vid.sys","4,096"
"VirtualRender","VirtualRender","VirtualRender","Kernel ","Manual","Stopped","OK","FALSE","FALSE","4,096","4,096","0","","C:\Windows\system32\DriverStore\FileRepository\vrd.inf_amd64_81fbd405ff2470fc\vrd.sys","4,096"
"vm3dmp","vm3dmp","vm3dmp","Kernel ","Manual","Running","OK","TRUE","FALSE","16,384","258,048","0","2024/4/20 5:43:50","C:\Windows\system32\DRIVERS\vm3dmp.sys","4,096"
"vm3dmp-debug","vm3dmp-debug","vm3dmp-debug","Kernel ","Manual","Stopped","OK","FALSE","FALSE","20,480","405,504","0","2024/4/20 5:43:56","C:\Windows\system32\DRIVERS\vm3dmp-debug.sys","4,096"
"vm3dmp-stats","vm3dmp-stats","vm3dmp-stats","Kernel ","Manual","Stopped","OK","FALSE","FALSE","16,384","270,336","0","2024/4/20 5:44:02","C:\Windows\system32\DRIVERS\vm3dmp-stats.sys","4,096"
"vm3dmp_loader","vm3dmp_loader","vm3dmp_loader","Kernel ","Manual","Running","OK","TRUE","FALSE","4,096","8,192","0","2024/4/20 5:43:49","C:\Windows\system32\DRIVERS\vm3dmp_loader.sys","4,096"
"vmbus","虚拟机总线","虚拟机总线","Kernel ","Manual","Stopped","OK","FALSE","FALSE","32,768","90,112","0","","C:\Windows\system32\drivers\vmbus.sys","4,096"
"VMBusHID","VMBusHID","VMBusHID","Kernel ","Manual","Stopped","OK","FALSE","FALSE","4,096","12,288","0","","C:\Windows\system32\drivers\VMBusHID.sys","4,096"
"vmci","VMware VMCI Bus Driver","VMware VMCI Bus Driver","Kernel ","Boot","Running","OK","TRUE","FALSE","8,192","69,632","0","2025/3/20 9:25:27","C:\Windows\system32\drivers\vmci.sys","4,096"
"vmgid","Microsoft Hyper-V 来宾基础结构驱动程序","Microsoft Hyper-V 来宾基础结构驱动程序","Kernel ","Manual","Stopped","OK","FALSE","FALSE","4,096","4,096","0","","C:\Windows\system32\drivers\vmgid.sys","4,096"
"vmhgfs","VMware Host Guest Client Redirector","VMware Host Guest Client Redirector","File System ","Manual","Running","OK","TRUE","FALSE","24,576","106,496","0","2021/11/17 12:32:25","C:\Windows\system32\DRIVERS\vmhgfs.sys","8,192"
"VMMemCtl","Memory Control Driver","Memory Control Driver","Kernel ","Auto","Running","OK","TRUE","FALSE","0","12,288","0","2021/11/17 12:40:06","C:\Windows\system32\DRIVERS\vmmemctl.sys","4,096"
"vmmouse","VMware Pointing Device","VMware Pointing Device","Kernel ","Manual","Running","OK","TRUE","FALSE","4,096","4,096","0","2021/11/24 13:03:02","C:\Windows\system32\drivers\vmmouse.sys","4,096"
"vmrawdsk","VMware Physical Disk Helper","VMware Physical Disk Helper","Kernel ","System","Running","OK","TRUE","FALSE","0","36,864","0","2021/11/17 12:40:19","C:\Windows\system32\DRIVERS\vmrawdsk.sys","4,096"
"vmusbmouse","VMware USB Pointing Device","VMware USB Pointing Device","Kernel ","Manual","Running","OK","TRUE","FALSE","4,096","4,096","0","2021/11/17 12:32:50","C:\Windows\system32\drivers\vmusbmouse.sys","4,096"
"volmgr","卷管理器驱动程序","卷管理器驱动程序","Kernel ","Boot","Running","OK","TRUE","FALSE","36,864","16,384","0","","C:\Windows\system32\drivers\volmgr.sys","4,096"
"volmgrx","Dynamic Volume Manager","Dynamic Volume Manager","Kernel ","Boot","Running","OK","TRUE","FALSE","225,280","110,592","0","","C:\Windows\system32\drivers\volmgrx.sys","4,096"
"volsnap","卷映像复制驱动程序","卷映像复制驱动程序","Kernel ","Boot","Running","OK","TRUE","FALSE","229,376","61,440","0","","C:\Windows\system32\drivers\volsnap.sys","4,096"
"volume","卷驱动程序","卷驱动程序","Kernel ","Boot","Running","OK","TRUE","FALSE","4,096","4,096","0","","C:\Windows\system32\drivers\volume.sys","4,096"
"vpci","Microsoft Hyper-V 虚拟 PCI 总线","Microsoft Hyper-V 虚拟 PCI 总线","Kernel ","Manual","Stopped","OK","FALSE","FALSE","36,864","28,672","0","","C:\Windows\system32\drivers\vpci.sys","4,096"
"vsmraid","vsmraid","vsmraid","Kernel ","Manual","Stopped","OK","FALSE","FALSE","0","143,360","0","2014/4/23 3:21:41","C:\Windows\system32\drivers\vsmraid.sys","4,096"
"vsock","vSockets Virtual Machine Communication Interface Sockets driver","vSockets Virtual Machine Communication Interface Sockets driver","Kernel ","Boot","Running","OK","TRUE","FALSE","8,192","53,248","0","2021/11/22 10:22:26","C:\Windows\system32\DRIVERS\vsock.sys","4,096"
"VSTXRAID","VIA StorX Storage RAID Controller Windows Driver","VIA StorX Storage RAID Controller Windows Driver","Kernel ","Manual","Stopped","OK","FALSE","FALSE","0","278,528","0","2013/1/22 3:00:28","C:\Windows\system32\drivers\vstxraid.sys","4,096"
"vwifibus","Virtual Wireless Bus Driver","Virtual Wireless Bus Driver","Kernel ","Manual","Stopped","OK","FALSE","FALSE","8,192","12,288","0","","C:\Windows\system32\drivers\vwifibus.sys","4,096"
"vwififlt","Virtual WiFi Filter Driver","Virtual WiFi Filter Driver","Kernel ","System","Running","OK","TRUE","FALSE","4,096","53,248","0","","C:\Windows\system32\drivers\vwififlt.sys","4,096"
"WacomPen","Wacom Serial Pen HID 驱动程序","Wacom Serial Pen HID 驱动程序","Kernel ","Manual","Stopped","OK","FALSE","FALSE","12,288","8,192","0","","C:\Windows\system32\drivers\wacompen.sys","4,096"
"wanarp","远程访问 IP ARP 驱动程序","远程访问 IP ARP 驱动程序","Kernel ","Auto","Running","OK","TRUE","FALSE","53,248","20,480","0","","C:\Windows\system32\DRIVERS\wanarp.sys","4,096"
"wanarpv6","远程访问 IPv6 ARP 驱动程序","远程访问 IPv6 ARP 驱动程序","Kernel ","Manual","Stopped","OK","FALSE","FALSE","53,248","20,480","0","","C:\Windows\system32\DRIVERS\wanarp.sys","4,096"
"wcifs","Windows Container Isolation","Windows Container Isolation","File System ","Auto","Running","OK","TRUE","FALSE","131,072","28,672","0","","C:\Windows\system32\drivers\wcifs.sys","8,192"
"wcnfs","Windows Container Name Virtualization","Windows Container Name Virtualization","File System ","Manual","Stopped","OK","FALSE","FALSE","53,248","16,384","0","","C:\Windows\system32\drivers\wcnfs.sys","4,096"
"WdAiNisDrv","Microsoft WdAiNisDrv 驱动程序","Microsoft WdAiNisDrv 驱动程序","Kernel ","Disabled","Stopped","OK","FALSE","FALSE","16,384","8,192","0","","C:\Windows\system32\drivers\wd\WdAiNisDrv.sys","8,192"
"WdBoot","Microsoft Defender 防病毒启动驱动程序","Microsoft Defender 防病毒启动驱动程序","Kernel ","Boot","Stopped","OK","FALSE","FALSE","4,096","4,096","0","","C:\Windows\system32\drivers\wd\WdBoot.sys","4,096"
"Wdf01000","Kernel Mode Driver Frameworks service","Kernel Mode Driver Frameworks service","Kernel ","Boot","Running","OK","TRUE","FALSE","49,152","593,920","0","","C:\Windows\system32\drivers\Wdf01000.sys","4,096"
"WdFilter","Microsoft Defender 防病毒 Mini-Filter 驱动程序","Microsoft Defender 防病毒 Mini-Filter 驱动程序","File System ","Boot","Running","OK","TRUE","FALSE","401,408","73,728","0","","C:\Windows\system32\drivers\wd\WdFilter.sys","45,056"
"wdiwifi","WDI Driver Framework","WDI Driver Framework","Kernel ","Manual","Stopped","OK","FALSE","FALSE","4,096","811,008","0","","C:\Windows\system32\DRIVERS\wdiwifi.sys","4,096"
"WdmCompanionFilter","WdmCompanionFilter","WdmCompanionFilter","Kernel ","Manual","Stopped","OK","FALSE","FALSE","4,096","4,096","0","","C:\Windows\system32\drivers\WdmCompanionFilter.sys","4,096"
"WdNisDrv","Microsoft Defender 防病毒网络检查系统驱动程序","Microsoft Defender 防病毒网络检查系统驱动程序","Kernel ","Manual","Running","OK","TRUE","FALSE","12,288","86,016","0","","C:\Windows\system32\drivers\wd\WdNisDrv.sys","4,096"
"WFPLWFS","Microsoft Windows 筛选平台","Microsoft Windows 筛选平台","Kernel ","Boot","Running","OK","TRUE","FALSE","4,096","106,496","0","","C:\Windows\system32\drivers\wfplwfs.sys","4,096"
"WIMMount","WIMMount","WIMMount","File System ","Manual","Stopped","OK","FALSE","FALSE","12,288","8,192","0","","C:\Windows\system32\drivers\wimmount.sys","4,096"
"WindowsTrustedRT","Windows Trusted Execution Environment Class Extension","Windows Trusted Execution Environment Class Extension","Kernel ","Boot","Running","OK","TRUE","FALSE","8,192","49,152","0","","C:\Windows\system32\drivers\WindowsTrustedRT.sys","4,096"
"WindowsTrustedRTProxy","Microsoft Windows 可信运行时安全服务","Microsoft Windows 可信运行时安全服务","Kernel ","Boot","Running","OK","TRUE","FALSE","4,096","4,096","0","","C:\Windows\system32\drivers\WindowsTrustedRTProxy.sys","4,096"
"WinMad","WinMad 服务","WinMad 服务","Kernel ","Manual","Stopped","OK","FALSE","FALSE","4,096","20,480","0","2019/6/19 21:18:11","C:\Windows\system32\drivers\winmad.sys","4,096"
"WinNat","Windows NAT Driver","Windows NAT Driver","Kernel ","Manual","Stopped","OK","FALSE","FALSE","36,864","122,880","0","","C:\Windows\system32\drivers\winnat.sys","4,096"
"WINUSB","WinUsb 驱动程序","WinUsb 驱动程序","Kernel ","Manual","Stopped","OK","FALSE","FALSE","24,576","65,536","0","","C:\Windows\system32\drivers\WinUSB.SYS","4,096"
"WinVerbs","WinVerbs 服务","WinVerbs 服务","Kernel ","Manual","Stopped","OK","FALSE","FALSE","4,096","53,248","0","2019/6/19 21:18:12","C:\Windows\system32\drivers\winverbs.sys","4,096"
"WmiAcpi","Microsoft Windows Management Interface for ACPI","Microsoft Windows Management Interface for ACPI","Kernel ","Manual","Stopped","OK","FALSE","FALSE","8,192","4,096","0","","C:\Windows\system32\drivers\wmiacpi.sys","4,096"
"Wof","Windows Overlay File System Filter Driver","Windows Overlay File System Filter Driver","File System ","Boot","Running","OK","TRUE","FALSE","110,592","65,536","0","","C:\Windows\system32\drivers\Wof.sys","8,192"
"WpdUpFltr","WPD Upper Class Filter Driver","WPD Upper Class Filter Driver","Kernel ","Manual","Stopped","OK","FALSE","FALSE","8,192","12,288","0","","C:\Windows\system32\drivers\WpdUpFltr.sys","4,096"
"ws2ifsl","Windows 套接字 2.0 Non-IFS 服务提供程序支持环境","Windows 套接字 2.0 Non-IFS 服务提供程序支持环境","Kernel ","System","Running","OK","TRUE","FALSE","12,288","8,192","0","","C:\Windows\system32\drivers\ws2ifsl.sys","4,096"
"WudfPf","User Mode Driver Frameworks Platform Driver","User Mode Driver Frameworks Platform Driver","Kernel ","Manual","Stopped","OK","FALSE","FALSE","12,288","90,112","0","","C:\Windows\system32\drivers\WudfPf.sys","4,096"
"WUDFRd","Windows Driver Foundation - User-mode Driver Framework Reflector","Windows Driver Foundation - User-mode Driver Framework Reflector","Kernel ","Manual","Stopped","OK","FALSE","FALSE","8,192","245,760","0","","C:\Windows\system32\drivers\WUDFRd.sys","4,096"
"xboxgip","Xbox 游戏输入协议驱动程序","Xbox 游戏输入协议驱动程序","Kernel ","Manual","Stopped","OK","FALSE","FALSE","12,288","270,336","0","","C:\Windows\system32\drivers\xboxgip.sys","4,096"
"xinputhid","XINPUT HID 筛选器驱动程序","XINPUT HID 筛选器驱动程序","Kernel ","Manual","Stopped","OK","FALSE","FALSE","4,096","45,056","0","","C:\Windows\system32\drivers\xinputhid.sys","4,096"
